"ID","Default"
1,0.401
2,0.393
3,0.747
4,0.086
5,0.84
6,0.571
7,0.616
8,0.098
9,0.449
10,0.128
11,0.538
12,0.991
13,0.659
14,0.72
15,0.154
16,0.734
17,0.475
18,0.933
19,0.475
20,0.948
21,0.913
22,0.847
23,0.222
24,0.001
25,0.384
26,0.404
27,0.02
28,0.114
29,0.666
30,0.019
31,0.198
32,0.027
33,0.848
34,0.894
35,0.96
36,0.947
37,0.537
38,0.029
39,0.272
40,0.391
41,0.002
42,0.283
43,0.046
44,0.483
45,0.205
46,0.521
47,0.875
48,0.073
49,0.341
50,0.415
51,0.141
52,0.458
53,0.803
54,0.321
55,0.868
56,0.247
57,0.821
58,0.215
59,0.57
60,0.367
61,0.947
62,0.103
63,0.537
64,0.082
65,0.289
66,0.662
67,0.13
68,0.999
69,0.674
70,0.352
71,0.264
72,0.954
73,0.781
74,0.826
75,0.062
76,0.862
77,0.931
78,0.195
79,0.987
80,0.226
81,0.618
82,0.437
83,0.863
84,0.477
85,0.893
86,0.215
87,0.275
88,0.716
89,0.065
90,0.005
91,0.951
92,0.919
93,0.44
94,0.914
95,0.017
96,0.184
97,0.752
98,0.355
99,0.453
100,0.14
101,0.639
102,0.074
103,0.255
104,0.207
105,0.182
106,0.131
107,0.974
108,0.031
109,0.997
110,0.052
111,0.471
112,0.698
113,0.102
114,0.175
115,0.326
116,0.824
117,0.576
118,0.127
119,0.081
120,0.697
121,0.748
122,0.189
123,0.636
124,0.648
125,0.218
126,0.261
127,0.459
128,0.38
129,0.449
130,0.061
131,0.891
132,0.267
133,0.395
134,0.7
135,0.126
136,0.451
137,0.25
138,0.525
139,0.672
140,0.594
141,0.61
142,0.149
143,0.413
144,0.722
145,0.124
146,0.371
147,0.516
148,0.242
149,0.85
150,0.742
151,0.835
152,0.023
153,0.313
154,0.233
155,0.412
156,0.702
157,0.934
158,0.789
159,0.991
160,0.91
161,0.539
162,0.475
163,0.719
164,0.872
165,0.262
166,0.926
167,0.068
168,0.842
169,0.118
170,0.81
171,0.011
172,0.086
173,0.67
174,0.828
175,0.698
176,0.237
177,0.994
178,0.732
179,0.736
180,0.224
181,0.408
182,0.959
183,0.863
184,0.883
185,0.805
186,0.931
187,0.81
188,0.232
189,0.214
190,0.542
191,0.243
192,0.231
193,0.567
194,0.479
195,0.018
196,0.67
197,0.838
198,0.14
199,0.254
200,0.156
201,0.12
202,0.83
203,0.005
204,0.722
205,0.632
206,0.305
207,0.5
208,0.949
209,0.637
210,0.672
211,0.771
212,0.645
213,0.267
214,0.239
215,0.308
216,0.274
217,0.103
218,0.578
219,0.754
220,0.54
221,0.623
222,0.419
223,0.61
224,0.032
225,0.502
226,0.033
227,0.654
228,0.284
229,0.773
230,0.678
231,0.405
232,0.769
233,0.325
234,0.072
235,0.926
236,0.672
237,0.249
238,0.385
239,0.156
240,0.701
241,0.507
242,0.798
243,0.77
244,0.597
245,0.655
246,0.922
247,0.729
248,0.059
249,0.126
250,0.133
251,0.485
252,0.777
253,0.555
254,0.577
255,0.46
256,0.137
257,0.967
258,0.88
259,0.388
260,0.422
261,0.934
262,0.118
263,0.158
264,0.71
265,0.346
266,0.129
267,0.76
268,0.509
269,0.009
270,0.398
271,0.721
272,0.921
273,0.328
274,0.164
275,0.686
276,0.521
277,0.062
278,0.319
279,0.14
280,0.327
281,0.91
282,0.216
283,0.889
284,0.994
285,0.866
286,0.633
287,0.694
288,0.748
289,0.266
290,0.113
291,0.998
292,0.75
293,0.877
294,0.662
295,0.272
296,0.467
297,0.417
298,0.605
299,0.295
300,0.984
301,0.83
302,0.349
303,0.112
304,0.66
305,0.983
306,0.267
307,0.709
308,0.142
309,0.346
310,0.912
311,0.928
312,0.547
313,0.883
314,0.457
315,0.819
316,0.986
317,0.353
318,0.936
319,0.599
320,0.255
321,0.35
322,0.789
323,0.819
324,0.017
325,0.359
326,0.791
327,0.902
328,0.209
329,0.828
330,0.038
331,0.85
332,0.311
333,0.173
334,0.412
335,0.462
336,0.621
337,0.835
338,0.349
339,0.288
340,0.917
341,0.438
342,0.508
343,0.347
344,0.848
345,0.957
346,0.478
347,0.075
348,0.313
349,0.292
350,0.24
351,0.467
352,0.032
353,0.481
354,0.821
355,0.563
356,0.964
357,0.69
358,0.299
359,0.477
360,0.571
361,0.717
362,0.368
363,0.707
364,0.654
365,0.361
366,0.239
367,0.688
368,0.829
369,0.369
370,0.758
371,0.353
372,0.977
373,0.04
374,0.181
375,0.18
376,0.38
377,0.778
378,0.714
379,0.337
380,0.382
381,0.762
382,0.294
383,0.991
384,0.242
385,0.925
386,0.104
387,0.495
388,0.503
389,0.984
390,0.319
391,0.459
392,0.329
393,0.817
394,0.056
395,0.794
396,0.9
397,0.548
398,0.333
399,0.069
400,0.152
401,0.075
402,0.006
403,0.284
404,0.396
405,0.729
406,0.558
407,0.162
408,0.937
409,0.742
410,0.214
411,0.476
412,0.998
413,0.069
414,0.181
415,0.458
416,0.654
417,0.904
418,0.449
419,0.221
420,0.629
421,0.194
422,0.599
423,0.238
424,0.764
425,0.066
426,0.699
427,0.149
428,0.493
429,0.889
430,0.311
431,0.95
432,0.455
433,0.192
434,0.385
435,0.063
436,0.388
437,0.534
438,0.931
439,0.689
440,0.72
441,0.348
442,0.775
443,0.766
444,0.252
445,0.09
446,0.415
447,0.765
448,0.118
449,0.028
450,0.568
451,0.371
452,0.104
453,0.796
454,0.14
455,0.548
456,0.962
457,0.185
458,0.814
459,0.36
460,0.94
461,0.335
462,0.786
463,0.233
464,0.106
465,0.001
466,0.462
467,0.916
468,0.157
469,0.907
470,0.976
471,0.005
472,0.114
473,0.246
474,0.418
475,0.356
476,0.662
477,0.474
478,0.621
479,0.778
480,0.055
481,0.885
482,0.404
483,0.198
484,0.424
485,0.406
486,0.615
487,0.651
488,0.489
489,0.674
490,0.276
491,0.8
492,0.104
493,0.936
494,0.212
495,0.051
496,0.685
497,0.182
498,0.928
499,0.985
500,0.181
501,0.819
502,0.52
503,0.532
504,0.541
505,0.368
506,0.976
507,0.294
508,0.075
509,0.824
510,0.964
511,0.178
512,0.397
513,0.298
514,0.902
515,0.592
516,0.092
517,0.346
518,0.431
519,0.851
520,0.609
521,0.661
522,0.96
523,0.638
524,0.119
525,0.429
526,0.985
527,0.617
528,0.387
529,0.506
530,0.101
531,0.578
532,0.518
533,0.188
534,0.107
535,0.73
536,0.952
537,0.399
538,0.844
539,0.534
540,0.47
541,0.763
542,0.951
543,0.624
544,0.233
545,0.764
546,0.926
547,0.355
548,0.598
549,0.326
550,0.925
551,0.923
552,0.554
553,0.719
554,0.415
555,0.16
556,0.525
557,0.986
558,0.437
559,0.492
560,0.244
561,0.8
562,0.679
563,0.403
564,0.541
565,0.088
566,0.117
567,0.151
568,0.517
569,0.451
570,0.238
571,0.263
572,0.377
573,0.158
574,0.156
575,0.598
576,0.109
577,0.103
578,0.933
579,0.772
580,0.233
581,0.264
582,0.891
583,0.134
584,0.51
585,0.222
586,0.006
587,0.738
588,0.761
589,0.223
590,0.944
591,0.847
592,0.503
593,0.81
594,0.318
595,0.397
596,0.963
597,0.362
598,0.414
599,0.748
600,0.812
601,0.607
602,0.808
603,0.323
604,0.386
605,0.149
606,0.248
607,0.13
608,0.942
609,0.415
610,0.65
611,0.501
612,0.244
613,0.045
614,0.507
615,0.726
616,0.192
617,0.213
618,0.029
619,0.315
620,0.327
621,0.519
622,0.685
623,0.823
624,0.899
625,0.762
626,0.683
627,0.132
628,0.668
629,0.667
630,0.703
631,0.322
632,0.215
633,0.408
634,0.48
635,0.444
636,0.6
637,0.454
638,0.366
639,0.213
640,0.081
641,0.26
642,0.384
643,0.635
644,0.791
645,0.008
646,0.315
647,0.167
648,0.767
649,0.958
650,0.317
651,0.056
652,0.948
653,0.947
654,0.385
655,0.294
656,0.201
657,0.188
658,0.38
659,0.333
660,0.131
661,0.867
662,0.923
663,0.749
664,0.985
665,0.345
666,0.978
667,0.547
668,0.121
669,0.077
670,0.633
671,0.241
672,0.49
673,0.215
674,0.106
675,0.134
676,0.61
677,0.896
678,0.043
679,0.003
680,0.157
681,0.282
682,0.143
683,0.823
684,0.225
685,0.186
686,0.482
687,0.338
688,0.842
689,0.342
690,0.645
691,0.781
692,0.85
693,0.976
694,0.985
695,0.368
696,0.538
697,0.043
698,0.627
699,0.585
700,0.904
701,0.028
702,0.15
703,0.491
704,0.731
705,0.486
706,0.807
707,0.936
708,0.791
709,0.201
710,0.399
711,0.148
712,0.159
713,0.497
714,0.133
715,0.158
716,0.513
717,0.792
718,0.154
719,0.579
720,0.094
721,0.447
722,0.243
723,0.661
724,0.286
725,0.445
726,0.363
727,0.383
728,0.114
729,0.119
730,0.842
731,0.711
732,0.404
733,0.414
734,0.644
735,0.952
736,0.101
737,0.481
738,0.547
739,0.058
740,0.598
741,0.864
742,0.855
743,0.882
744,0.828
745,0.307
746,0.901
747,0.076
748,0.391
749,0.982
750,0.935
751,0.773
752,0.453
753,0.18
754,0.778
755,0.088
756,0.757
757,0.964
758,0.438
759,0.213
760,0.347
761,0.531
762,0.287
763,0.642
764,0.772
765,0.153
766,0.938
767,0.016
768,0.354
769,0.977
770,0.898
771,0.562
772,0.496
773,0.519
774,0.201
775,0.81
776,0.963
777,0.87
778,0.546
779,0.249
780,0.193
781,0.219
782,0.873
783,0.451
784,0.926
785,0.154
786,0.588
787,0.678
788,0.969
789,0.763
790,0.471
791,0.714
792,0.758
793,0.112
794,0.76
795,0.58
796,0.133
797,0.619
798,0.689
799,0.906
800,0.329
801,0.347
802,0.514
803,0.658
804,0.323
805,0.748
806,0.636
807,0.762
808,0.213
809,0.403
810,0.318
811,0.419
812,0.067
813,0.58
814,0.71
815,0.341
816,0.226
817,0.239
818,0.616
819,0.871
820,0.455
821,0.323
822,0.97
823,0.424
824,0.171
825,0.454
826,0.699
827,0.383
828,0.283
829,0.03
830,0.211
831,0.612
832,0.38
833,0.759
834,0.447
835,0.616
836,0.737
837,0.318
838,0.963
839,0.011
840,0.25
841,0.216
842,0.428
843,0.559
844,0.54
845,0.825
846,0.234
847,0.92
848,0.662
849,0.011
850,0.169
851,0.759
852,0.508
853,0.575
854,0.079
855,0.075
856,0.489
857,0.287
858,0.741
859,0.682
860,0.16
861,0.908
862,0.899
863,0.599
864,0.648
865,0.732
866,0.505
867,0.605
868,0.946
869,0.45
870,0.175
871,0.548
872,0.258
873,0.511
874,0.312
875,0.09
876,0.316
877,0.382
878,0.216
879,0.203
880,0.861
881,0.725
882,0.747
883,0.396
884,0.9
885,0.206
886,0.374
887,0.488
888,0.733
889,0.754
890,0.207
891,0.232
892,0.082
893,0.059
894,0.614
895,0.007
896,0.114
897,0.213
898,0.708
899,0.139
900,0.613
901,0.024
902,0.813
903,0.617
904,0.187
905,0.209
906,0.166
907,0.4
908,0.092
909,0.048
910,0.034
911,0.134
912,0.81
913,0.945
914,0.834
915,0.607
916,0.871
917,0.843
918,0.585
919,0.82
920,0.775
921,0.829
922,0.258
923,0.747
924,0.993
925,0.754
926,0.925
927,0.036
928,0.38
929,0.825
930,0.271
931,0.236
932,0.196
933,0.077
934,0.057
935,0.81
936,0.353
937,0.546
938,0.136
939,0.411
940,0.228
941,0.405
942,0.251
943,0.974
944,0.117
945,0.327
946,0.675
947,0.834
948,0.667
949,0.339
950,0.592
951,0.34
952,0.956
953,0.879
954,0.377
955,0.862
956,0.17
957,0.324
958,0.279
959,0.178
960,0.679
961,0.455
962,0.64
963,0.155
964,0.173
965,0.955
966,0.177
967,0.055
968,0.296
969,0.502
970,0.013
971,0.374
972,0.536
973,0.76
974,0.195
975,0.673
976,0.529
977,0.613
978,0.584
979,0.852
980,0.141
981,0.784
982,0.275
983,0.277
984,0.315
985,0.952
986,0.97
987,0.76
988,0.172
989,0.573
990,0.104
991,0.439
992,0.543
993,0.787
994,0.669
995,0.621
996,0.995
997,0.952
998,0.893
999,0.191
1000,0.365
1001,0.572
1002,0.551
1003,0.787
1004,0.234
1005,0.87
1006,0.914
1007,0.431
1008,0.104
1009,0.873
1010,0.695
1011,0.59
1012,0.831
1013,0.771
1014,0.522
1015,0.928
1016,0.48
1017,0.383
1018,0.869
1019,0.886
1020,0.106
1021,0.283
1022,0.7
1023,0.286
1024,0.463
1025,0.103
1026,0.799
1027,0.76
1028,0.03
1029,0.967
1030,0.395
1031,0.599
1032,0.543
1033,0.746
1034,0.725
1035,0.489
1036,0.773
1037,0.247
1038,0.276
1039,0.209
1040,0.753
1041,0.547
1042,0.89
1043,0.967
1044,0.617
1045,0.743
1046,0.33
1047,0.765
1048,0.718
1049,0.454
1050,0.306
1051,0.447
1052,0.737
1053,0.751
1054,0.051
1055,0.312
1056,0.922
1057,0.954
1058,0.464
1059,0.995
1060,0.108
1061,0.112
1062,0.025
1063,0.131
1064,0.571
1065,0.043
1066,0.619
1067,0.002
1068,0.598
1069,0.68
1070,0.509
1071,0.607
1072,0.676
1073,0.86
1074,0.287
1075,0.841
1076,0.255
1077,0.905
1078,0.627
1079,0.8
1080,0.527
1081,0.89
1082,0.182
1083,0.807
1084,0.048
1085,0.33
1086,0.306
1087,0.35
1088,0.052
1089,0.518
1090,0.954
1091,0.941
1092,0.964
1093,0.511
1094,0.986
1095,0.676
1096,0.773
1097,0.729
1098,0.309
1099,0.386
1100,0.3
1101,0.005
1102,0.025
1103,0.959
1104,0.693
1105,0.105
1106,0.175
1107,0.324
1108,0.783
1109,0.153
1110,0.103
1111,0.497
1112,0.989
1113,0.788
1114,0.191
1115,0.846
1116,0.743
1117,0.61
1118,0.288
1119,0.824
1120,0.574
1121,0.572
1122,0.757
1123,0.623
1124,0.228
1125,0.347
1126,0.158
1127,0.485
1128,0.628
1129,0.89
1130,0.646
1131,0.303
1132,0.816
1133,0.839
1134,0.382
1135,0.299
1136,0.591
1137,0.68
1138,0.983
1139,0.963
1140,0.91
1141,0.941
1142,0.343
1143,0.318
1144,0.531
1145,0.717
1146,0.828
1147,0.431
1148,0.113
1149,0.083
1150,0.037
1151,0.333
1152,0.286
1153,0.248
1154,0.151
1155,0.261
1156,0.494
1157,0.195
1158,0.566
1159,0.838
1160,0.421
1161,0.094
1162,0.373
1163,0.429
1164,0.958
1165,0.988
1166,0.041
1167,0.227
1168,0.347
1169,0.846
1170,0.716
1171,0.017
1172,0.043
1173,0.182
1174,0.611
1175,0.859
1176,0.846
1177,0.942
1178,0.438
1179,0.153
1180,0.467
1181,0.017
1182,0.948
1183,0.968
1184,0.051
1185,0.469
1186,0.682
1187,0.43
1188,0.065
1189,0.18
1190,0.756
1191,0.947
1192,0.904
1193,0.187
1194,0.003
1195,0.85
1196,0.478
1197,0.553
1198,0.358
1199,0.95
1200,0.272
1201,0.783
1202,0.653
1203,0.375
1204,0.836
1205,0.758
1206,0.883
1207,0.708
1208,0.805
1209,0.894
1210,0.92
1211,0.875
1212,0.346
1213,0.79
1214,0.233
1215,0.722
1216,0.384
1217,0.853
1218,0.431
1219,0.974
1220,0.249
1221,0.443
1222,0.231
1223,0.517
1224,0.904
1225,0.75
1226,0.026
1227,0.603
1228,0.568
1229,0.52
1230,0.457
1231,0.604
1232,0.993
1233,0.197
1234,0.607
1235,0.124
1236,0.464
1237,0.294
1238,0.662
1239,0.376
1240,0.395
1241,0.725
1242,0.862
1243,0.438
1244,0.363
1245,0.806
1246,0.233
1247,0.807
1248,0.541
1249,0.601
1250,0.553
1251,0.795
1252,0.553
1253,0.184
1254,0.67
1255,0.678
1256,0.348
1257,0.156
1258,0.738
1259,0.803
1260,0.895
1261,0.119
1262,0.137
1263,0.498
1264,0.758
1265,0.623
1266,0.555
1267,0.023
1268,0.175
1269,0.078
1270,0.506
1271,0.567
1272,0.868
1273,0.988
1274,0.993
1275,0.604
1276,0.374
1277,0.032
1278,0.167
1279,0.854
1280,0.431
1281,0.675
1282,0.106
1283,0.324
1284,0.886
1285,0.572
1286,0.26
1287,0.944
1288,0.645
1289,0.202
1290,0.719
1291,0.827
1292,0.881
1293,0.835
1294,0.025
1295,0.436
1296,0.066
1297,0.187
1298,0.035
1299,0.973
1300,0.839
1301,0.617
1302,0.005
1303,0.909
1304,0.721
1305,0.778
1306,0.726
1307,0.967
1308,0.531
1309,0.793
1310,0.443
1311,0.684
1312,0.81
1313,0.332
1314,0.111
1315,0.731
1316,0.076
1317,0.812
1318,0.104
1319,0.083
1320,0.15
1321,0.93
1322,0.491
1323,0.343
1324,0.223
1325,0.683
1326,0.241
1327,0.474
1328,0.493
1329,0.382
1330,0.846
1331,0.657
1332,0.19
1333,0.864
1334,0.091
1335,0.118
1336,0.382
1337,0.868
1338,0.561
1339,0.58
1340,0.394
1341,0.455
1342,0.33
1343,0.075
1344,0.287
1345,0.998
1346,0.869
1347,0.622
1348,0.142
1349,0.942
1350,0.012
1351,0.389
1352,0.747
1353,0.781
1354,0.458
1355,0.795
1356,0.334
1357,0.77
1358,0.956
1359,0.96
1360,0.059
1361,0.729
1362,0.833
1363,0.978
1364,0.435
1365,0.223
1366,0.437
1367,0.485
1368,0.157
1369,0.892
1370,0.56
1371,0.316
1372,0.076
1373,0.677
1374,0.459
1375,0.848
1376,0.946
1377,0.238
1378,0.081
1379,0.273
1380,0.391
1381,0.164
1382,0.114
1383,0.102
1384,0.887
1385,0.27
1386,0.759
1387,0.647
1388,0.975
1389,0.251
1390,0.035
1391,0.399
1392,0.292
1393,0.78
1394,0.754
1395,0.508
1396,0.918
1397,0.561
1398,0.434
1399,0.783
1400,0.126
1401,0.007
1402,0.036
1403,0.738
1404,0.8
1405,0.947
1406,0.996
1407,0.224
1408,0.849
1409,0.121
1410,0.778
1411,0.513
1412,0.806
1413,0.798
1414,0.43
1415,0.215
1416,0.416
1417,0.837
1418,0.451
1419,0.04
1420,0.223
1421,0.88
1422,0.292
1423,0.435
1424,0.643
1425,0.028
1426,0.127
1427,0.778
1428,0.366
1429,0.2
1430,0.659
1431,0.77
1432,0.125
1433,0.02
1434,0.538
1435,0.776
1436,0.814
1437,0.762
1438,0.204
1439,0.909
1440,0.987
1441,0.7
1442,0.452
1443,0.011
1444,0.762
1445,0.709
1446,0.483
1447,0.427
1448,0.714
1449,0.848
1450,0.006
1451,0.051
1452,0.536
1453,0.565
1454,0.649
1455,0.012
1456,0.438
1457,0.44
1458,0.541
1459,0.715
1460,0.585
1461,0.598
1462,0.933
1463,0.545
1464,0.285
1465,0.756
1466,0.557
1467,0.5
1468,0.442
1469,0.624
1470,0.467
1471,0.926
1472,0.359
1473,0.838
1474,0.28
1475,0.804
1476,0.887
1477,0.881
1478,0.67
1479,0.646
1480,0.622
1481,0.75
1482,0.556
1483,0.675
1484,0.952
1485,0.722
1486,0.09
1487,0.989
1488,0.101
1489,0.419
1490,0.907
1491,0.053
1492,0.298
1493,0.951
1494,0.629
1495,0.941
1496,0.759
1497,0.674
1498,0.369
1499,0.198
1500,0.615
1501,0.544
1502,0.413
1503,0.525
1504,0.617
1505,0.605
1506,0.911
1507,0.661
1508,0.287
1509,0.724
1510,0.084
1511,0.175
1512,0.832
1513,0.016
1514,0.731
1515,0.535
1516,0.024
1517,0.936
1518,0.052
1519,0.666
1520,0.984
1521,0.925
1522,0.453
1523,0.652
1524,0.332
1525,0.553
1526,0.553
1527,0.399
1528,0.116
1529,0.502
1530,0.221
1531,0.615
1532,0.748
1533,0.254
1534,0.692
1535,0.026
1536,0.341
1537,0.407
1538,0.364
1539,0.09
1540,0.075
1541,0.849
1542,0.094
1543,0.041
1544,0.059
1545,0.212
1546,0.485
1547,0.542
1548,0.838
1549,0.988
1550,0.535
1551,0.113
1552,0.742
1553,0.046
1554,0.842
1555,0.033
1556,0.086
1557,0.268
1558,0.647
1559,0.439
1560,0.861
1561,0.731
1562,0.972
1563,0.775
1564,0.96
1565,0.886
1566,0.358
1567,0.619
1568,0.289
1569,0.553
1570,0.261
1571,0.469
1572,0.821
1573,0.573
1574,0.191
1575,0.719
1576,0.999
1577,0.996
1578,0.763
1579,0.41
1580,0.657
1581,0.999
1582,0.571
1583,0.694
1584,0.989
1585,0.69
1586,0.533
1587,0.678
1588,0.818
1589,0.855
1590,0.117
1591,0.215
1592,0.967
1593,0.57
1594,0.781
1595,0.918
1596,0.363
1597,0.79
1598,0.309
1599,0.182
1600,0.9
1601,0.054
1602,0.083
1603,0.724
1604,0.157
1605,0.281
1606,0.519
1607,0.55
1608,0.422
1609,0.198
1610,0.892
1611,0.419
1612,0.51
1613,0.627
1614,0.49
1615,0.147
1616,0.543
1617,0.874
1618,0.585
1619,0.561
1620,0.703
1621,0.582
1622,0.753
1623,0.851
1624,0.018
1625,0.753
1626,0.054
1627,0.239
1628,0.433
1629,0.421
1630,0.991
1631,0.033
1632,0.677
1633,0.292
1634,0.22
1635,0.786
1636,0.599
1637,0.304
1638,0.34
1639,0.799
1640,0.898
1641,0.436
1642,0.702
1643,0.233
1644,0.073
1645,0.035
1646,0.927
1647,0.763
1648,0.049
1649,0.055
1650,0.645
1651,0.921
1652,0.884
1653,0.558
1654,0.496
1655,0.799
1656,0.904
1657,0.024
1658,0.786
1659,0.501
1660,0.794
1661,0.395
1662,0.845
1663,0.194
1664,0.678
1665,0.742
1666,0.303
1667,0.337
1668,0.369
1669,0.096
1670,0.51
1671,0.649
1672,0.199
1673,0.172
1674,0.954
1675,0.027
1676,0.627
1677,0.654
1678,0.11
1679,0.192
1680,0.63
1681,0.932
1682,0.222
1683,0.048
1684,0.226
1685,0.227
1686,0.546
1687,0.069
1688,0.413
1689,0.286
1690,0.158
1691,0.635
1692,0.495
1693,0.572
1694,0.438
1695,0.548
1696,0.26
1697,0.237
1698,0.869
1699,0.386
1700,0.204
1701,0.724
1702,0.822
1703,0.898
1704,0.865
1705,0.33
1706,0.745
1707,0.973
1708,0.081
1709,0.686
1710,0.647
1711,0.489
1712,0.56
1713,0.198
1714,0.9
1715,0.862
1716,0.651
1717,0.568
1718,0.682
1719,0.949
1720,0.68
1721,0.555
1722,0.929
1723,0.449
1724,0.204
1725,0.061
1726,0.098
1727,0.805
1728,0.424
1729,0.707
1730,0.889
1731,0.947
1732,0.889
1733,0.027
1734,0.479
1735,0.766
1736,0.078
1737,0.156
1738,0.351
1739,0.846
1740,0.917
1741,0.112
1742,0.495
1743,0.04
1744,0.166
1745,0.066
1746,0.92
1747,0.07
1748,0.993
1749,0.886
1750,0.232
1751,0.78
1752,0.759
1753,0.564
1754,0.758
1755,0.53
1756,0.807
1757,0.082
1758,0.664
1759,0.918
1760,0.769
1761,0.447
1762,0.94
1763,0.361
1764,0.029
1765,0.938
1766,0.03
1767,0.171
1768,0.465
1769,0.533
1770,0.443
1771,0.668
1772,0.026
1773,0.597
1774,0.231
1775,0.225
1776,0.305
1777,0.214
1778,0.426
1779,0.306
1780,0.569
1781,0.877
1782,0.203
1783,0.136
1784,0.164
1785,0.224
1786,0.466
1787,0.552
1788,0.03
1789,0.799
1790,0.414
1791,0.627
1792,0.38
1793,0.301
1794,0.251
1795,0.281
1796,0.978
1797,0.779
1798,0.036
1799,0.82
1800,0.756
1801,0.207
1802,0.933
1803,0.689
1804,0.19
1805,0.426
1806,0.145
1807,0.791
1808,0.755
1809,0.767
1810,0.543
1811,0.777
1812,0.291
1813,0.092
1814,0.143
1815,0.716
1816,0.285
1817,0.935
1818,0.555
1819,0.411
1820,0.05
1821,0.398
1822,0.129
1823,0.567
1824,0.117
1825,0.54
1826,0.111
1827,0.868
1828,0.709
1829,0.652
1830,0.509
1831,0.221
1832,0.723
1833,0.01
1834,0.926
1835,0.972
1836,0.158
1837,0.981
1838,0.744
1839,0.728
1840,0.348
1841,0.883
1842,0.456
1843,0.526
1844,0.741
1845,0.501
1846,0.993
1847,0.095
1848,0.484
1849,0.011
1850,0.051
1851,0.42
1852,0.607
1853,0.402
1854,0.509
1855,0.221
1856,0.528
1857,0.382
1858,0.204
1859,0.17
1860,0.001
1861,0.343
1862,0.752
1863,0.405
1864,0.682
1865,0.403
1866,0.318
1867,0.171
1868,0.507
1869,0.524
1870,0.553
1871,0.241
1872,0.502
1873,0.859
1874,0.982
1875,0.152
1876,0.05
1877,0.306
1878,0.142
1879,0.07
1880,0.235
1881,0.825
1882,0.202
1883,0.775
1884,0.398
1885,0.629
1886,0.716
1887,0.39
1888,0.631
1889,0.272
1890,0.495
1891,0.895
1892,0.999
1893,0.563
1894,0.9
1895,0.884
1896,0.109
1897,0.918
1898,0.498
1899,0.416
1900,0.363
1901,0.238
1902,0.762
1903,0.971
1904,0.632
1905,0.198
1906,0.377
1907,0.247
1908,0.222
1909,0.464
1910,0.708
1911,0.322
1912,0.841
1913,0.778
1914,0.215
1915,0.771
1916,0.478
1917,0.588
1918,0.73
1919,0.596
1920,0.551
1921,0.475
1922,0.771
1923,0.071
1924,0.875
1925,0.14
1926,0.112
1927,0.884
1928,0.628
1929,0.369
1930,0.699
1931,0.14
1932,0.457
1933,0.854
1934,0.058
1935,0.108
1936,0.964
1937,0.109
1938,0.352
1939,0.711
1940,0.482
1941,0.816
1942,0.793
1943,0.997
1944,0.93
1945,0.332
1946,0.705
1947,0.226
1948,0.015
1949,0.244
1950,0.092
1951,0.689
1952,0.525
1953,0.93
1954,0.376
1955,0.61
1956,0.482
1957,0.248
1958,0.241
1959,0.454
1960,0.688
1961,0.151
1962,0.564
1963,0.144
1964,0.822
1965,0.463
1966,0.768
1967,0.573
1968,0.592
1969,0.678
1970,0.358
1971,0.231
1972,0.988
1973,0.026
1974,0.614
1975,0.96
1976,0.422
1977,0.11
1978,0.273
1979,0.651
1980,0.557
1981,0.197
1982,0.495
1983,0.829
1984,0.713
1985,0.134
1986,0.781
1987,0.232
1988,0.034
1989,0.615
1990,0.35
1991,0.422
1992,0.258
1993,0.778
1994,0.718
1995,0.357
1996,0.027
1997,0.062
1998,0.29
1999,0.305
2000,0.842
2001,0.383
2002,0.576
2003,0.188
2004,0.602
2005,0.839
2006,0.265
2007,0.203
2008,0.078
2009,0.332
2010,0.867
2011,0.383
2012,0.918
2013,0.004
2014,0.617
2015,0.757
2016,0.188
2017,0.833
2018,0.248
2019,0.704
2020,0.572
2021,0.203
2022,0.476
2023,0.376
2024,0.375
2025,0.43
2026,0.481
2027,0.581
2028,0.752
2029,0.621
2030,0.581
2031,0.933
2032,0.003
2033,0.524
2034,0.333
2035,0.463
2036,0.843
2037,0.368
2038,0.968
2039,0.196
2040,0.042
2041,0.18
2042,0.247
2043,0.992
2044,0.532
2045,0.504
2046,0.877
2047,0.164
2048,0.669
2049,0.91
2050,0.804
2051,0.833
2052,0.052
2053,0.441
2054,0.407
2055,0.832
2056,0.151
2057,0.082
2058,0.127
2059,0.722
2060,0.064
2061,0.049
2062,0.225
2063,0.873
2064,0.32
2065,0.207
2066,0.524
2067,0.087
2068,0.921
2069,0.049
2070,0.756
2071,0.131
2072,0.848
2073,0.58
2074,0.181
2075,0.88
2076,0.029
2077,0.806
2078,0.397
2079,0.897
2080,0.71
2081,0.948
2082,0.318
2083,0.823
2084,0.463
2085,0.519
2086,0.162
2087,0.05
2088,0.101
2089,0.87
2090,0.729
2091,0.766
2092,0.151
2093,0.178
2094,0.396
2095,0.996
2096,0.905
2097,0.787
2098,0.338
2099,0.194
2100,0.664
2101,0.843
2102,0.483
2103,0.146
2104,0.233
2105,0.622
2106,0.368
2107,0.871
2108,0.821
2109,0.221
2110,0.502
2111,0.772
2112,0.565
2113,0.517
2114,0.071
2115,0.28
2116,0.413
2117,0.245
2118,1
2119,0.892
2120,0.383
2121,0.497
2122,0.816
2123,0.26
2124,0.901
2125,0.244
2126,0.072
2127,0.541
2128,0.236
2129,0.08
2130,0.477
2131,0.773
2132,0.345
2133,0.901
2134,0.52
2135,0.959
2136,0.475
2137,0.865
2138,0.431
2139,0.07
2140,0.154
2141,0.762
2142,0.601
2143,0.768
2144,0.685
2145,0.988
2146,0.818
2147,0.267
2148,0.676
2149,0.819
2150,0.922
2151,0.067
2152,0.293
2153,0.08
2154,0.934
2155,0.464
2156,0.297
2157,0.508
2158,0.403
2159,0.035
2160,0.316
2161,0.383
2162,0.374
2163,0.957
2164,0.952
2165,0.727
2166,0.999
2167,0.222
2168,0.956
2169,0.986
2170,0.686
2171,0.736
2172,0.463
2173,0.734
2174,0.047
2175,0.296
2176,0.206
2177,0.467
2178,0.969
2179,0.436
2180,0.929
2181,0.038
2182,0.304
2183,0.965
2184,0.534
2185,0.742
2186,0.085
2187,0.406
2188,0.958
2189,0.385
2190,0.64
2191,0.232
2192,0.272
2193,0.786
2194,0.349
2195,0.279
2196,0.207
2197,0.777
2198,0.705
2199,0.643
2200,0.887
2201,0.079
2202,0.849
2203,0.705
2204,0.737
2205,0.503
2206,0.494
2207,0.409
2208,0.237
2209,0.297
2210,0.068
2211,0.624
2212,0.14
2213,0.74
2214,0.628
2215,0.678
2216,0.187
2217,0.339
2218,0.373
2219,0.977
2220,0.946
2221,0.61
2222,0.888
2223,0.663
2224,0.448
2225,0.755
2226,0.479
2227,0.737
2228,0.429
2229,0.002
2230,0.697
2231,0.444
2232,0.109
2233,0.857
2234,0.892
2235,0.936
2236,0.992
2237,0.63
2238,0.06
2239,0.909
2240,0.04
2241,0.251
2242,0.236
2243,0.392
2244,0.531
2245,0.319
2246,0.535
2247,0.92
2248,0.138
2249,0.214
2250,0.408
2251,0.606
2252,0.425
2253,0.471
2254,0.011
2255,0.626
2256,0.525
2257,0.038
2258,0.548
2259,0.011
2260,0.438
2261,0.792
2262,0.364
2263,0.158
2264,0.479
2265,0.907
2266,0.762
2267,0.259
2268,0.308
2269,0.919
2270,0.412
2271,0.347
2272,0.682
2273,0.559
2274,0.826
2275,0.651
2276,0.239
2277,0.346
2278,0.508
2279,0.008
2280,0.277
2281,0.899
2282,0.615
2283,0.195
2284,0.123
2285,0.106
2286,0.994
2287,0.871
2288,0.053
2289,0.779
2290,0.878
2291,0.958
2292,0.041
2293,0.151
2294,0.675
2295,0.395
2296,0.058
2297,0.8
2298,0.658
2299,0.31
2300,0.112
2301,0.42
2302,0.069
2303,0.122
2304,0.651
2305,0.266
2306,0.625
2307,0.809
2308,0.05
2309,0.837
2310,0.152
2311,0.615
2312,0.814
2313,0.657
2314,0.027
2315,0.592
2316,0.997
2317,0.77
2318,0.452
2319,0.902
2320,0.802
2321,0.023
2322,0.328
2323,0.529
2324,0.855
2325,0.672
2326,0.749
2327,0.925
2328,0.895
2329,0.393
2330,0.791
2331,0.416
2332,0.152
2333,0.618
2334,0.75
2335,0.483
2336,0.174
2337,0.671
2338,0.623
2339,0.268
2340,0.35
2341,0.555
2342,0.423
2343,0.433
2344,0.073
2345,0.461
2346,0.061
2347,0.584
2348,0.525
2349,0.492
2350,0.883
2351,0.897
2352,0.955
2353,0.867
2354,0.615
2355,0.815
2356,0.139
2357,0.255
2358,0.366
2359,0.775
2360,0.426
2361,0.936
2362,0.606
2363,0.817
2364,0.044
2365,0.491
2366,0.109
2367,0.172
2368,0.132
2369,0.522
2370,0.694
2371,0.087
2372,0.742
2373,0.998
2374,0.812
2375,0.849
2376,0.363
2377,0.6
2378,0.708
2379,0.882
2380,0.547
2381,0.493
2382,0.819
2383,0.414
2384,0.037
2385,0.04
2386,0.296
2387,0.15
2388,0.302
2389,0.386
2390,0.949
2391,0.416
2392,0.811
2393,0.629
2394,0.907
2395,0.964
2396,0.559
2397,0.348
2398,0.708
2399,0.644
2400,0.156
2401,0.962
2402,0.853
2403,0.027
2404,0.833
2405,0.563
2406,0.417
2407,0.499
2408,0.478
2409,0.23
2410,0.981
2411,0.95
2412,0.674
2413,0.302
2414,0.7
2415,0.637
2416,0.874
2417,0.816
2418,0.597
2419,0.101
2420,0.404
2421,0.827
2422,0.897
2423,0.908
2424,0.217
2425,0.366
2426,0.403
2427,0.639
2428,0.452
2429,0.382
2430,0.636
2431,0.6
2432,0.615
2433,0.085
2434,0.173
2435,0.513
2436,0.071
2437,0.867
2438,0.797
2439,0.905
2440,0.472
2441,0.158
2442,0.792
2443,0.518
2444,0.756
2445,0.008
2446,0.745
2447,0.855
2448,0.7
2449,0.751
2450,0.281
2451,0.133
2452,0.998
2453,0.634
2454,0.348
2455,0.875
2456,0.746
2457,0.157
2458,0.579
2459,0.147
2460,0.335
2461,0.247
2462,0.919
2463,0.12
2464,0.759
2465,0.989
2466,0.98
2467,0.283
2468,0.498
2469,0.798
2470,0.035
2471,0.775
2472,0.401
2473,0.851
2474,0.231
2475,0.361
2476,0.581
2477,0.338
2478,0.426
2479,0.217
2480,0.49
2481,0.749
2482,0.686
2483,0.024
2484,0.23
2485,0.342
2486,0.461
2487,0.605
2488,0.009
2489,0.203
2490,0.162
2491,0.551
2492,0.073
2493,0.876
2494,0.765
2495,0.681
2496,0.772
2497,0.56
2498,0.078
2499,0.877
2500,0.468
2501,0.691
2502,0.946
2503,0.47
2504,0.559
2505,0.692
2506,0.14
2507,0.164
2508,0.07
2509,0.404
2510,0.321
2511,0.39
2512,0.423
2513,0.279
2514,0.178
2515,0.085
2516,0.261
2517,0.047
2518,0.319
2519,0.801
2520,0.421
2521,0.163
2522,0.473
2523,0.717
2524,0.616
2525,0.241
2526,0.84
2527,0.033
2528,0.225
2529,0.582
2530,0.55
2531,0.365
2532,0.802
2533,0.49
2534,0.137
2535,0.123
2536,0.244
2537,0.074
2538,0.923
2539,0.323
2540,0.676
2541,0.283
2542,0.265
2543,0.029
2544,0.243
2545,0.231
2546,0.286
2547,0.479
2548,0.035
2549,0.867
2550,0.961
2551,0.467
2552,0.958
2553,0.755
2554,0.289
2555,0.154
2556,0.658
2557,0.558
2558,0.703
2559,0.572
2560,0.297
2561,0.466
2562,0.843
2563,0.661
2564,0.588
2565,0.971
2566,0.759
2567,0.279
2568,0.38
2569,0.346
2570,0.567
2571,0.446
2572,0.889
2573,0.825
2574,0.082
2575,0.418
2576,0.587
2577,0.862
2578,0.082
2579,0.75
2580,0.439
2581,0.508
2582,0.101
2583,0.941
2584,0.649
2585,0.063
2586,0.019
2587,0.995
2588,0.769
2589,0.734
2590,0.916
2591,0.594
2592,0.432
2593,0.863
2594,0.864
2595,0.861
2596,0.197
2597,0.04
2598,0.148
2599,0.971
2600,0.066
2601,0.434
2602,0.798
2603,0.998
2604,0.888
2605,0.156
2606,0.871
2607,0.711
2608,0.982
2609,0.368
2610,0.597
2611,0.526
2612,0.643
2613,0.491
2614,0.616
2615,0.728
2616,0.267
2617,0.155
2618,0.299
2619,0.158
2620,0.724
2621,0.08
2622,0.47
2623,0.691
2624,0.051
2625,0.537
2626,0.399
2627,0.802
2628,0.209
2629,0.304
2630,0.183
2631,0.768
2632,0.574
2633,0.368
2634,0.611
2635,0.968
2636,0.522
2637,0.778
2638,0.708
2639,0.504
2640,0.647
2641,0.288
2642,0.722
2643,0.603
2644,0.8
2645,0.282
2646,0.746
2647,0.691
2648,0.269
2649,0.461
2650,0.948
2651,0.967
2652,0.638
2653,0.327
2654,0.752
2655,0.124
2656,0.342
2657,0.314
2658,0.473
2659,0.183
2660,0.569
2661,0.565
2662,0.636
2663,0.791
2664,0.639
2665,0.526
2666,0.529
2667,0.104
2668,0.118
2669,0.967
2670,0.386
2671,0.114
2672,0.674
2673,0.294
2674,0.286
2675,0.553
2676,0.655
2677,0.932
2678,0.856
2679,0.74
2680,0.64
2681,0.969
2682,0.423
2683,0.797
2684,0.618
2685,0.103
2686,0.405
2687,0.388
2688,0.977
2689,0.348
2690,0.809
2691,0.538
2692,0.177
2693,0.969
2694,0.406
2695,0.936
2696,0.55
2697,0.018
2698,0.507
2699,0.751
2700,0.56
2701,0.005
2702,0.735
2703,0.711
2704,0.692
2705,0.676
2706,0.78
2707,0.06
2708,0.764
2709,0.828
2710,0.179
2711,0.743
2712,0.911
2713,0.586
2714,0.229
2715,0.794
2716,0.167
2717,0.318
2718,0.205
2719,0.245
2720,0.795
2721,0.767
2722,0.794
2723,0.523
2724,0.368
2725,0.319
2726,0.67
2727,0.756
2728,0.127
2729,0.034
2730,0.945
2731,0.314
2732,0.085
2733,0.131
2734,0.265
2735,0.689
2736,0.815
2737,0.08
2738,0.772
2739,0.417
2740,0.995
2741,0.284
2742,0.991
2743,0.006
2744,0.39
2745,0.56
2746,0.559
2747,0.12
2748,0.764
2749,0.579
2750,0.361
2751,0.869
2752,0.281
2753,0.22
2754,0.997
2755,0.929
2756,0.192
2757,0.513
2758,0.608
2759,0.42
2760,0.591
2761,0.986
2762,0.775
2763,0.26
2764,0.505
2765,0.032
2766,0.557
2767,0.407
2768,0.336
2769,0.547
2770,0.981
2771,0.202
2772,0.116
2773,0.902
2774,0.256
2775,0.091
2776,0.355
2777,0.193
2778,0.544
2779,0.063
2780,0.429
2781,0.38
2782,0.087
2783,0.44
2784,0.303
2785,0.931
2786,0.601
2787,0.096
2788,0.392
2789,0.887
2790,0.439
2791,0.016
2792,0.03
2793,0.029
2794,0.304
2795,0.319
2796,0.662
2797,0.504
2798,0.272
2799,0.777
2800,0.93
2801,0.929
2802,0.193
2803,0.794
2804,0.287
2805,0.318
2806,0.775
2807,0.751
2808,0.305
2809,0.197
2810,0.733
2811,0.877
2812,0.041
2813,0.836
2814,0.125
2815,0.394
2816,0.27
2817,0.38
2818,0.495
2819,0.612
2820,0.916
2821,0.96
2822,0.81
2823,0.842
2824,0.676
2825,0.89
2826,0.223
2827,0.702
2828,0.329
2829,0.269
2830,0.668
2831,0.022
2832,0.775
2833,0.195
2834,0.359
2835,0.138
2836,0.652
2837,0.08
2838,0.9
2839,0.357
2840,0.102
2841,0.693
2842,0.878
2843,0.957
2844,0.632
2845,0.603
2846,0.805
2847,0.633
2848,0.676
2849,0.039
2850,0.213
2851,0.162
2852,0.453
2853,0.972
2854,0.101
2855,0.633
2856,0.996
2857,0.076
2858,0.706
2859,0.456
2860,0.332
2861,0.92
2862,0.034
2863,0.346
2864,0.03
2865,0.343
2866,0.19
2867,0.621
2868,0.751
2869,0.428
2870,0.858
2871,0.902
2872,0.653
2873,0.606
2874,0.37
2875,0.901
2876,0.736
2877,0.807
2878,0.988
2879,0.341
2880,0.855
2881,0.933
2882,0.388
2883,0.419
2884,0.251
2885,0.222
2886,0.692
2887,0.057
2888,0.2
2889,0.451
2890,0.791
2891,0.638
2892,0.282
2893,0.177
2894,0.812
2895,0.407
2896,0.58
2897,0.631
2898,1
2899,0.977
2900,0.438
2901,0.439
2902,0.16
2903,0.388
2904,0.33
2905,0.562
2906,0.768
2907,0.431
2908,0.221
2909,0.331
2910,0.846
2911,0.18
2912,0.554
2913,0.784
2914,0.438
2915,0.197
2916,0.853
2917,0.584
2918,0.327
2919,0.993
2920,0.524
2921,0.041
2922,0.764
2923,0.377
2924,0.577
2925,0.474
2926,0.731
2927,0.575
2928,0.045
2929,0.355
2930,0.212
2931,0.214
2932,0.273
2933,0.987
2934,0.153
2935,0.736
2936,0.37
2937,0.298
2938,0.589
2939,0.272
2940,0.016
2941,0.831
2942,0.224
2943,0.014
2944,0.618
2945,0.507
2946,0.715
2947,0.446
2948,0.723
2949,0.313
2950,0.576
2951,0.902
2952,0.955
2953,0.868
2954,0.762
2955,0.913
2956,0.326
2957,0.103
2958,0.33
2959,0.226
2960,0.883
2961,0.621
2962,0.183
2963,0.739
2964,0.692
2965,0.394
2966,0.856
2967,0.973
2968,0.993
2969,0.465
2970,0.941
2971,0.266
2972,0.043
2973,0.441
2974,0.629
2975,0.568
2976,0.184
2977,0.481
2978,0.072
2979,0.904
2980,0.607
2981,0.035
2982,0.614
2983,0.794
2984,0.165
2985,0.406
2986,0.821
2987,0.227
2988,0.199
2989,0.063
2990,0.702
2991,0.757
2992,0.383
2993,0.459
2994,0.215
2995,0.607
2996,0.757
2997,0.38
2998,0.332
2999,0.733
3000,0.259
3001,0.681
3002,0.323
3003,0.083
3004,0.225
3005,0.495
3006,0.55
3007,0.963
3008,0.63
3009,0.512
3010,0.643
3011,0.77
3012,0.983
3013,0.33
3014,0.224
3015,0.198
3016,0.002
3017,0.507
3018,0.31
3019,0.844
3020,0.856
3021,0.573
3022,0.092
3023,0.501
3024,0.52
3025,0.749
3026,0.589
3027,0.874
3028,0.527
3029,0.221
3030,0.002
3031,0.256
3032,0.223
3033,0.281
3034,0.329
3035,0.259
3036,0.295
3037,0.99
3038,0.447
3039,0.7
3040,0.314
3041,0.524
3042,0.087
3043,0.023
3044,0.86
3045,0.46
3046,0.976
3047,0.78
3048,0.555
3049,0.981
3050,0.235
3051,0.505
3052,0.016
3053,0.263
3054,0.013
3055,0.427
3056,0.84
3057,0.593
3058,0.804
3059,0.064
3060,0.687
3061,0.533
3062,0.084
3063,0.431
3064,0.15
3065,0.693
3066,0.015
3067,0.412
3068,0.804
3069,0.24
3070,0.401
3071,0.106
3072,0.685
3073,0.525
3074,0.759
3075,0.91
3076,0.599
3077,0.792
3078,0.192
3079,0.821
3080,0.416
3081,0.707
3082,0.374
3083,0.802
3084,0.247
3085,0.328
3086,0.839
3087,0.069
3088,0.141
3089,0.185
3090,0.344
3091,0.105
3092,0.88
3093,0.33
3094,0.441
3095,0.814
3096,0.484
3097,0.62
3098,0.644
3099,0.934
3100,0.802
3101,0.171
3102,0.674
3103,0.219
3104,0.127
3105,0.746
3106,0.067
3107,0.025
3108,0.61
3109,0.724
3110,0.77
3111,0.471
3112,0.057
3113,0.868
3114,0.516
3115,0.597
3116,0.671
3117,0.339
3118,0.699
3119,0.604
3120,0.774
3121,0.565
3122,0.278
3123,0.427
3124,0.353
3125,0.469
3126,0.326
3127,0.806
3128,0.622
3129,0.4
3130,0.048
3131,0.864
3132,0.08
3133,0.584
3134,0.585
3135,0.593
3136,0.392
3137,0.547
3138,0.062
3139,0.182
3140,0.533
3141,0.817
3142,0.673
3143,0.684
3144,0.61
3145,0.566
3146,0.175
3147,0.941
3148,0.606
3149,0.608
3150,0.268
3151,0.9
3152,0.775
3153,0.103
3154,0.887
3155,0.578
3156,0.747
3157,0.807
3158,0.491
3159,0.057
3160,0.274
3161,0.186
3162,0.317
3163,0.043
3164,0.41
3165,0.759
3166,0.893
3167,0.075
3168,0.179
3169,0.295
3170,0.79
3171,0.283
3172,0.741
3173,0.526
3174,0.118
3175,0.037
3176,0.617
3177,0.671
3178,0.191
3179,0.764
3180,0.1
3181,0.584
3182,0.817
3183,0.247
3184,0.658
3185,0.638
3186,0.557
3187,0.982
3188,0.256
3189,0.416
3190,0.948
3191,0.037
3192,0.384
3193,0.914
3194,0.749
3195,0.656
3196,0.117
3197,0.481
3198,0.81
3199,0.051
3200,0.812
3201,0.906
3202,0.953
3203,0.282
3204,0.501
3205,0.481
3206,0.211
3207,0.455
3208,0.366
3209,0.624
3210,0.519
3211,0.265
3212,0.026
3213,0.788
3214,0.543
3215,0.609
3216,0.885
3217,0.12
3218,0.249
3219,0.615
3220,0.815
3221,0.467
3222,0.69
3223,0.538
3224,0.198
3225,0.223
3226,0.55
3227,0.105
3228,0.913
3229,0.158
3230,0.059
3231,0.975
3232,0.847
3233,0.148
3234,0.55
3235,0.519
3236,0.989
3237,0.696
3238,0.334
3239,0.905
3240,0.748
3241,0.302
3242,0.172
3243,0.666
3244,0.795
3245,0.411
3246,0.174
3247,0.791
3248,0.192
3249,0.944
3250,0.167
3251,0.144
3252,0.057
3253,0.204
3254,0.262
3255,0.752
3256,0.39
3257,0.265
3258,0.868
3259,0.211
3260,0.646
3261,0.785
3262,0.554
3263,0.917
3264,0.781
3265,0.863
3266,0.28
3267,0.648
3268,0.756
3269,0.084
3270,0.548
3271,0.409
3272,0.538
3273,0.648
3274,0.047
3275,0.122
3276,0.202
3277,0.455
3278,0.497
3279,0.624
3280,0.145
3281,0.121
3282,0.927
3283,0.08
3284,0.78
3285,0.328
3286,0.864
3287,0.518
3288,0.025
3289,0.97
3290,0.17
3291,0.181
3292,0.982
3293,0.075
3294,0.256
3295,0.053
3296,0.774
3297,0.829
3298,0.059
3299,0.101
3300,0.593
3301,0.935
3302,0.191
3303,0.197
3304,0.643
3305,0.639
3306,0.16
3307,0.007
3308,0.538
3309,0.963
3310,0.841
3311,0.355
3312,0.053
3313,0.891
3314,0.974
3315,0.202
3316,0.311
3317,0.546
3318,0.046
3319,0.463
3320,0.853
3321,0.051
3322,0.481
3323,0.683
3324,0.643
3325,0.166
3326,0.514
3327,0.936
3328,0.103
3329,0.382
3330,0.813
3331,0.442
3332,0.854
3333,0.174
3334,0.271
3335,0.422
3336,0.816
3337,0.024
3338,0.169
3339,0.911
3340,0.302
3341,0.212
3342,0.035
3343,0.431
3344,0.725
3345,0.098
3346,0.302
3347,0.978
3348,0.503
3349,0.907
3350,0.719
3351,0.367
3352,0.668
3353,0.346
3354,0.53
3355,0.428
3356,0.602
3357,0.231
3358,0.902
3359,0.799
3360,0.747
3361,0.521
3362,0.863
3363,0.25
3364,0.674
3365,0.268
3366,0.084
3367,0.592
3368,0.378
3369,0.485
3370,0.867
3371,0.739
3372,0.385
3373,0.139
3374,0.844
3375,0.25
3376,0.444
3377,0.096
3378,0.081
3379,0.24
3380,0.711
3381,0.847
3382,0.435
3383,0.631
3384,0.789
3385,0.543
3386,0.62
3387,0.864
3388,0.696
3389,0.059
3390,0.365
3391,0.607
3392,0.826
3393,0.083
3394,0.369
3395,0.492
3396,0.743
3397,0.234
3398,0.822
3399,0.079
3400,0.478
3401,0.468
3402,0.348
3403,0.355
3404,0.959
3405,0.862
3406,0.877
3407,0.335
3408,0.382
3409,0.481
3410,0.052
3411,0.855
3412,0.208
3413,0.455
3414,0.441
3415,0.172
3416,0.621
3417,0.525
3418,0.824
3419,0.181
3420,0.382
3421,0.808
3422,0.931
3423,0.81
3424,0.092
3425,0.801
3426,0.86
3427,0.572
3428,0.978
3429,0.295
3430,0.866
3431,0.07
3432,0.143
3433,0.671
3434,0.564
3435,0.201
3436,0.796
3437,0.108
3438,0.603
3439,0.307
3440,0.568
3441,0.261
3442,0.629
3443,0.957
3444,0.23
3445,0.87
3446,0.556
3447,0.838
3448,0.896
3449,0.553
3450,0.016
3451,0.169
3452,0.716
3453,0.093
3454,0.948
3455,0.151
3456,0.858
3457,0.366
3458,0.285
3459,0.156
3460,0.015
3461,0.802
3462,0.003
3463,0.49
3464,0.369
3465,0.755
3466,0.463
3467,0.23
3468,0.743
3469,0.954
3470,0.629
3471,0.308
3472,0.362
3473,0.778
3474,0.562
3475,0.959
3476,0.668
3477,0.768
3478,0.858
3479,0.473
3480,0.377
3481,0.615
3482,0.841
3483,0.131
3484,0.119
3485,0.546
3486,0.928
3487,0.679
3488,0.392
3489,0.42
3490,0.332
3491,0.409
3492,0.914
3493,0.277
3494,0.649
3495,0.622
3496,0.252
3497,0.237
3498,0.305
3499,0.474
3500,0.156
3501,0.658
3502,0.395
3503,0.537
3504,0.4
3505,0
3506,0.912
3507,0.34
3508,0.195
3509,0.906
3510,0.474
3511,0.49
3512,0.795
3513,0.665
3514,0.257
3515,0.253
3516,0.127
3517,0.997
3518,0.901
3519,0.409
3520,0.801
3521,0.56
3522,0.584
3523,0.53
3524,0.66
3525,0.156
3526,0.962
3527,0.124
3528,0.134
3529,0.792
3530,0.002
3531,0.92
3532,0.299
3533,0.93
3534,0.884
3535,0.523
3536,0.75
3537,0.045
3538,0.107
3539,0.182
3540,0.589
3541,0.433
3542,0.42
3543,0.064
3544,0.987
3545,0.947
3546,0.395
3547,0.246
3548,0.798
3549,0.526
3550,0.004
3551,0.847
3552,0.807
3553,0.958
3554,0.871
3555,0.197
3556,0.264
3557,0.701
3558,0.763
3559,0.288
3560,0.545
3561,0.464
3562,0.722
3563,0.9
3564,0.991
3565,0.689
3566,0.482
3567,0.283
3568,0.646
3569,0.402
3570,0.78
3571,0.656
3572,0.056
3573,0.675
3574,0.903
3575,0.917
3576,0.839
3577,0.607
3578,0.679
3579,0.979
3580,0.269
3581,0.245
3582,0.383
3583,0.767
3584,0.78
3585,0.475
3586,0.593
3587,0.898
3588,0.173
3589,0.519
3590,0.422
3591,0.43
3592,0.082
3593,0.794
3594,0.736
3595,0.598
3596,0.308
3597,0.224
3598,0.58
3599,0.084
3600,0.515
3601,0.592
3602,0.966
3603,0.776
3604,0.896
3605,0.87
3606,0.823
3607,0.432
3608,0.905
3609,0.482
3610,0.414
3611,0.358
3612,0.365
3613,0.979
3614,0.949
3615,0.219
3616,0.451
3617,0.603
3618,0.372
3619,0.505
3620,0.147
3621,0.499
3622,0.365
3623,0.062
3624,0.442
3625,0.541
3626,0.779
3627,0.177
3628,0.553
3629,0.177
3630,0.269
3631,0.124
3632,0.9
3633,0.357
3634,0.493
3635,0.607
3636,0.625
3637,0.733
3638,0.926
3639,0.672
3640,0.285
3641,0.415
3642,0.955
3643,0.455
3644,0.589
3645,0.461
3646,0.199
3647,0.088
3648,0.642
3649,0.781
3650,0.917
3651,0.553
3652,0.881
3653,0.713
3654,0.666
3655,0.939
3656,0.04
3657,0.566
3658,0.299
3659,0.139
3660,0.7
3661,0.827
3662,0.664
3663,0.241
3664,0.416
3665,0.28
3666,0.56
3667,0.505
3668,0.22
3669,0.852
3670,0.867
3671,0.32
3672,0.842
3673,0.517
3674,0.989
3675,0.468
3676,0.337
3677,0.55
3678,0.644
3679,0.659
3680,0.106
3681,0.85
3682,0.055
3683,0.09
3684,0.173
3685,0.105
3686,0.824
3687,0.613
3688,0.287
3689,0.427
3690,0.505
3691,0.897
3692,0.46
3693,0.998
3694,0.144
3695,0.509
3696,0.571
3697,0.919
3698,0.702
3699,0.192
3700,0.994
3701,0.621
3702,0.593
3703,0.39
3704,0.86
3705,0.605
3706,0.091
3707,0.698
3708,0.558
3709,0.004
3710,0.059
3711,0.4
3712,0.395
3713,0.399
3714,0.933
3715,0.262
3716,0.703
3717,0.658
3718,0.478
3719,0.674
3720,0.245
3721,0.175
3722,0.981
3723,0.066
3724,0.246
3725,0.609
3726,0.59
3727,0.47
3728,0.036
3729,0.609
3730,0.388
3731,0.228
3732,0.534
3733,0.843
3734,0.07
3735,0.36
3736,0.814
3737,0.909
3738,0.781
3739,0.349
3740,0.218
3741,0.112
3742,0.029
3743,0.331
3744,0.367
3745,0.515
3746,0.706
3747,0.426
3748,0.671
3749,0.366
3750,0.39
3751,0.069
3752,0.374
3753,0.421
3754,0.841
3755,0.467
3756,0.789
3757,0.026
3758,0.641
3759,0.458
3760,0.276
3761,0.303
3762,0.891
3763,0.054
3764,0.704
3765,0.617
3766,0.002
3767,0.006
3768,0.282
3769,0.317
3770,0.999
3771,0.019
3772,0.375
3773,0.556
3774,0.109
3775,0.076
3776,0.779
3777,0.771
3778,0.715
3779,0.038
3780,0.461
3781,0.893
3782,0.343
3783,0.034
3784,0.767
3785,0.643
3786,0.752
3787,0.108
3788,0.716
3789,0.204
3790,0.917
3791,0.869
3792,0.93
3793,0.283
3794,0.597
3795,0.326
3796,0.249
3797,0.662
3798,0.959
3799,0.685
3800,0.171
3801,0.821
3802,0.115
3803,0.141
3804,0.556
3805,0.945
3806,0.658
3807,0.811
3808,0.545
3809,0.185
3810,0.117
3811,0.244
3812,0.577
3813,0.535
3814,0.828
3815,0.817
3816,0.411
3817,0.652
3818,0.477
3819,0.699
3820,0.747
3821,0.844
3822,0.549
3823,0.349
3824,0.513
3825,0.27
3826,0.665
3827,0.018
3828,0.712
3829,0.73
3830,0.477
3831,0.198
3832,0.681
3833,0.917
3834,0.198
3835,0.493
3836,0.489
3837,0.471
3838,0.943
3839,0.563
3840,0.833
3841,0.365
3842,0.831
3843,0.29
3844,0.945
3845,0.382
3846,0.823
3847,0.581
3848,0.231
3849,0.33
3850,0.961
3851,0.881
3852,0.69
3853,0.428
3854,0.984
3855,0.769
3856,0.506
3857,0.348
3858,0.163
3859,0.918
3860,0.729
3861,0.454
3862,0.935
3863,0.05
3864,0.207
3865,0.86
3866,0.073
3867,0.867
3868,0.063
3869,0.321
3870,0.589
3871,0.014
3872,0.252
3873,0.802
3874,0.616
3875,0.384
3876,0.593
3877,0.527
3878,0.848
3879,0.411
3880,0.956
3881,0.729
3882,0.703
3883,0.999
3884,0.211
3885,0.934
3886,0.564
3887,0.479
3888,0.737
3889,0.363
3890,0.149
3891,0.534
3892,0.193
3893,0.673
3894,0.206
3895,0.502
3896,0.804
3897,0.736
3898,0.609
3899,0.809
3900,0.517
3901,0.091
3902,0.786
3903,0.21
3904,0.995
3905,0.33
3906,0.793
3907,0.687
3908,0.542
3909,0.214
3910,0.417
3911,0.596
3912,0.986
3913,0.789
3914,0.119
3915,0.396
3916,0.855
3917,0.471
3918,0.92
3919,0.203
3920,0.426
3921,0.989
3922,0.253
3923,0.933
3924,0.329
3925,0.486
3926,0.407
3927,0.893
3928,0.787
3929,0.038
3930,0.933
3931,0.857
3932,0.476
3933,0.477
3934,0.964
3935,0.046
3936,0.461
3937,0.311
3938,0.9
3939,0.227
3940,0.901
3941,0.771
3942,0.64
3943,0.392
3944,0.724
3945,0.879
3946,0.214
3947,0.424
3948,0.414
3949,0.908
3950,0.354
3951,0.618
3952,0.507
3953,0.552
3954,0.552
3955,0.645
3956,0.595
3957,0.358
3958,0.13
3959,0.256
3960,0.826
3961,0.574
3962,0.649
3963,0.3
3964,0.456
3965,0.911
3966,0.973
3967,0.267
3968,0.321
3969,0.503
3970,0.02
3971,0.38
3972,0.995
3973,0.309
3974,0.355
3975,0.177
3976,0.574
3977,0.446
3978,0.792
3979,0.048
3980,0.617
3981,0.087
3982,0.894
3983,0.263
3984,0.724
3985,0.533
3986,0.538
3987,0.068
3988,0.488
3989,0.663
3990,0.22
3991,0.595
3992,0.941
3993,0.84
3994,0.788
3995,0.795
3996,0.821
3997,0.348
3998,0.075
3999,0.811
4000,0.223
4001,0.103
4002,0.501
4003,0.547
4004,0.447
4005,0.088
4006,0.559
4007,0.491
4008,0.392
4009,0.826
4010,0.764
4011,0.935
4012,0.259
4013,0.006
4014,0.653
4015,0.302
4016,0.79
4017,0.982
4018,0.246
4019,0.018
4020,0.153
4021,0.613
4022,0.954
4023,0.095
4024,0.428
4025,0.775
4026,0.307
4027,0.78
4028,0.357
4029,0.16
4030,0.477
4031,0.868
4032,0.308
4033,0.587
4034,0.516
4035,0.394
4036,0.373
4037,0.115
4038,0.779
4039,0.693
4040,0.962
4041,0.609
4042,0.692
4043,0.043
4044,0.906
4045,0.241
4046,0.119
4047,0.443
4048,0.509
4049,0.14
4050,0.853
4051,0.918
4052,0.614
4053,0.899
4054,0.893
4055,0.766
4056,0.247
4057,0.846
4058,0.252
4059,0.245
4060,0.827
4061,0.686
4062,0.84
4063,0.357
4064,0.846
4065,0.794
4066,0.786
4067,0.707
4068,0.084
4069,0.722
4070,0.573
4071,0.163
4072,0.657
4073,0.017
4074,0.814
4075,0.014
4076,0.298
4077,0.712
4078,0.432
4079,0.313
4080,0.39
4081,0.64
4082,0.5
4083,0.442
4084,0.323
4085,0.879
4086,0.237
4087,0.591
4088,0.033
4089,0.411
4090,0.135
4091,0.515
4092,0.209
4093,0.685
4094,0.318
4095,0.808
4096,0.9
4097,0.277
4098,0.846
4099,0.502
4100,0.298
4101,0.068
4102,0.63
4103,0.99
4104,0.827
4105,0.029
4106,0.367
4107,0.073
4108,0.964
4109,0.129
4110,0.987
4111,0.383
4112,0.382
4113,0.809
4114,0.045
4115,0.8
4116,0.664
4117,0.144
4118,0.77
4119,0.324
4120,0.548
4121,0.766
4122,0.578
4123,0.061
4124,0.531
4125,0.36
4126,0.517
4127,0.837
4128,0.724
4129,0.265
4130,0.208
4131,0.56
4132,0.186
4133,0.494
4134,0.117
4135,0.707
4136,0.351
4137,0.927
4138,0.863
4139,0.766
4140,0.357
4141,0.937
4142,0.054
4143,0.649
4144,0.601
4145,0.697
4146,0.663
4147,0.156
4148,0.826
4149,0.226
4150,0.259
4151,0.606
4152,0.549
4153,0.185
4154,0.475
4155,0.265
4156,0.342
4157,0.815
4158,0.008
4159,0.515
4160,0.927
4161,0.786
4162,0.945
4163,0.869
4164,0.649
4165,0.122
4166,0.724
4167,0.326
4168,0.573
4169,0.588
4170,0.751
4171,0.698
4172,0.496
4173,0.786
4174,0.427
4175,0.086
4176,0.659
4177,0.316
4178,0.44
4179,0.068
4180,0.101
4181,0.802
4182,0.164
4183,0.896
4184,0.525
4185,0.881
4186,0.311
4187,0.68
4188,0.03
4189,0.071
4190,0.544
4191,0.678
4192,0.443
4193,0.532
4194,0.661
4195,0.446
4196,0.943
4197,0.908
4198,0.087
4199,0.731
4200,0.003
4201,0.153
4202,0.221
4203,0.204
4204,0.331
4205,0.229
4206,0.063
4207,0.18
4208,0.862
4209,0.31
4210,0.955
4211,0.67
4212,0.326
4213,0.718
4214,0.874
4215,0.633
4216,0.247
4217,0.378
4218,0.991
4219,0.196
4220,0.312
4221,0.527
4222,0.693
4223,0.005
4224,0.99
4225,0.193
4226,0.221
4227,0.579
4228,0.08
4229,0.674
4230,0.245
4231,0.26
4232,0.557
4233,0.826
4234,0.992
4235,0.195
4236,0.449
4237,0.135
4238,0.724
4239,0.788
4240,0.18
4241,0.637
4242,0.501
4243,0.69
4244,0.781
4245,0.273
4246,0.575
4247,0.341
4248,0.704
4249,0.613
4250,0.744
4251,0.803
4252,0.204
4253,0.557
4254,0.969
4255,0.015
4256,0.584
4257,0.156
4258,0.902
4259,0.818
4260,0.893
4261,0.912
4262,0.12
4263,0.828
4264,0.903
4265,0.729
4266,0.566
4267,0.543
4268,0.904
4269,0.462
4270,0.995
4271,0.923
4272,0.163
4273,0.668
4274,0.684
4275,0.705
4276,0.579
4277,0.519
4278,0.473
4279,0.892
4280,0.596
4281,0.047
4282,0.942
4283,0.084
4284,0.658
4285,0.228
4286,0.097
4287,0.087
4288,0.544
4289,0.507
4290,0.134
4291,0.287
4292,0.114
4293,0.848
4294,0.9
4295,0.365
4296,0.303
4297,0.225
4298,0.689
4299,0.741
4300,0.862
4301,0.809
4302,0.68
4303,0.164
4304,0.191
4305,0.714
4306,0.803
4307,0.191
4308,0.234
4309,0.619
4310,0.708
4311,0.271
4312,0.959
4313,0.72
4314,0.543
4315,0.526
4316,0.514
4317,0.971
4318,0.527
4319,0.615
4320,0.963
4321,0.606
4322,0.675
4323,0.241
4324,0.01
4325,0.31
4326,0.697
4327,0.069
4328,0.213
4329,0.584
4330,0.133
4331,0.753
4332,0.721
4333,0.996
4334,0.274
4335,0.752
4336,0.082
4337,0.863
4338,0.476
4339,0.206
4340,0.393
4341,0.966
4342,0.066
4343,0.702
4344,0.129
4345,0.385
4346,0.41
4347,0.606
4348,0.672
4349,0.522
4350,0.244
4351,0.625
4352,0.44
4353,0.993
4354,0.421
4355,0.564
4356,0.012
4357,0.329
4358,0.616
4359,0.191
4360,0.171
4361,0.532
4362,0.588
4363,0.12
4364,0.031
4365,0.168
4366,0.343
4367,0.747
4368,0.849
4369,0.605
4370,0.462
4371,0.467
4372,0.459
4373,0.526
4374,0.058
4375,0.75
4376,0.692
4377,0.361
4378,0.77
4379,0.666
4380,0.698
4381,0.478
4382,0.954
4383,0.056
4384,0.627
4385,0.556
4386,0.786
4387,0.522
4388,0.87
4389,0.163
4390,0.524
4391,0.043
4392,0.238
4393,0.914
4394,0.829
4395,0.934
4396,0.03
4397,0.92
4398,0.431
4399,0.914
4400,0.389
4401,0.931
4402,0.952
4403,0.281
4404,0.546
4405,0.969
4406,0.038
4407,0.08
4408,0.672
4409,0.706
4410,0.239
4411,0.496
4412,0.792
4413,0.878
4414,0.911
4415,0.178
4416,0.264
4417,0.252
4418,0.808
4419,0.062
4420,0.839
4421,0.212
4422,0.342
4423,0.071
4424,0.76
4425,0.448
4426,0.208
4427,0.917
4428,0.663
4429,0.234
4430,0.296
4431,0.777
4432,0.586
4433,0.848
4434,0.19
4435,0.261
4436,0.67
4437,0.904
4438,0.683
4439,0.411
4440,0.009
4441,0.243
4442,0.997
4443,0.995
4444,0.711
4445,0.774
4446,0.153
4447,0.323
4448,0.793
4449,0.511
4450,0.618
4451,0.654
4452,0.449
4453,0.474
4454,0.418
4455,0.397
4456,0.049
4457,0.771
4458,0.705
4459,0.375
4460,0.281
4461,0.051
4462,0.019
4463,0.404
4464,0.217
4465,0.739
4466,0.549
4467,0.461
4468,0.967
4469,0.135
4470,0.448
4471,0.52
4472,0.777
4473,0.56
4474,0.177
4475,0.752
4476,0.333
4477,0.296
4478,0.083
4479,0.741
4480,0.362
4481,0.119
4482,0.19
4483,0.334
4484,0.183
4485,0.697
4486,0.294
4487,0.657
4488,0.119
4489,0.95
4490,0.977
4491,0.944
4492,0.089
4493,0.792
4494,0.495
4495,0.538
4496,0.501
4497,0.023
4498,0.787
4499,0.569
4500,0.301
4501,0.181
4502,0.891
4503,0.764
4504,0.676
4505,0.519
4506,0.466
4507,0.255
4508,0.888
4509,0.638
4510,0.959
4511,0.594
4512,0.766
4513,0.424
4514,0.499
4515,0.617
4516,0.662
4517,0.025
4518,0.226
4519,0.674
4520,0.353
4521,0.329
4522,0.112
4523,0.54
4524,0.042
4525,0.858
4526,0.421
4527,0.28
4528,0.998
4529,0.8
4530,0.943
4531,0.619
4532,0.934
4533,0.343
4534,0.259
4535,0.836
4536,0.615
4537,0.705
4538,0.722
4539,0.827
4540,0.457
4541,0.963
4542,0.462
4543,0.833
4544,0.972
4545,0.811
4546,0.391
4547,0.056
4548,0.488
4549,0.58
4550,0.368
4551,0.164
4552,0.972
4553,0.528
4554,0.013
4555,0.035
4556,0.026
4557,0.921
4558,0.297
4559,0.417
4560,0.345
4561,0.802
4562,0.425
4563,0.445
4564,0.44
4565,0.01
4566,0.999
4567,0.681
4568,0.787
4569,0.218
4570,0.836
4571,0.299
4572,0.842
4573,0.499
4574,0.373
4575,0.662
4576,0.312
4577,0.714
4578,0.423
4579,0.908
4580,0.912
4581,0.52
4582,0.751
4583,0.35
4584,0.052
4585,0.004
4586,0.983
4587,0.433
4588,0.455
4589,0.427
4590,0.437
4591,0.953
4592,0.281
4593,0.413
4594,0.629
4595,0.9
4596,0.774
4597,0.924
4598,0.495
4599,0.092
4600,0.784
4601,0.828
4602,0.907
4603,0.843
4604,0.985
4605,0.115
4606,0.069
4607,0.439
4608,0.725
4609,0.795
4610,0.738
4611,0.61
4612,0.043
4613,0.983
4614,0.484
4615,0.448
4616,0.37
4617,0.204
4618,0.753
4619,0.422
4620,0.728
4621,0.994
4622,0.292
4623,0.075
4624,0.991
4625,0.866
4626,0.352
4627,0.713
4628,0.704
4629,0.252
4630,0.318
4631,0.873
4632,0
4633,0.688
4634,0.829
4635,0.344
4636,0.154
4637,0.618
4638,0.874
4639,0.908
4640,0.266
4641,0.061
4642,0.959
4643,0.446
4644,0.325
4645,0.716
4646,0.029
4647,0.241
4648,0.901
4649,0.923
4650,0.908
4651,0.909
4652,0.508
4653,0.822
4654,0.842
4655,0.116
4656,0.814
4657,0.238
4658,0.999
4659,0.662
4660,0.22
4661,0.22
4662,0.531
4663,0.004
4664,0.143
4665,0.448
4666,0.189
4667,0.711
4668,0.438
4669,0.066
4670,0.882
4671,0.519
4672,0.011
4673,0.338
4674,0.772
4675,0.363
4676,0.326
4677,0.868
4678,0.59
4679,0.945
4680,0.576
4681,0.234
4682,0.334
4683,0.26
4684,0.399
4685,0.468
4686,0.78
4687,0.455
4688,0.719
4689,0.547
4690,0.125
4691,0.13
4692,0.501
4693,0.926
4694,0.801
4695,0.739
4696,0.099
4697,0.439
4698,0.989
4699,0.833
4700,0.6
4701,0.55
4702,0.138
4703,0.59
4704,0.552
4705,0.91
4706,0.95
4707,0.885
4708,0.945
4709,0.794
4710,0.177
4711,0.357
4712,0.762
4713,0.328
4714,0.943
4715,0.85
4716,0.181
4717,0.932
4718,0.597
4719,0.51
4720,0.826
4721,0.797
4722,0.283
4723,0.857
4724,0.821
4725,0.388
4726,0.256
4727,0.665
4728,0.858
4729,0.132
4730,0.268
4731,0.766
4732,0.057
4733,0.205
4734,0.124
4735,0.503
4736,0.163
4737,0.739
4738,0.004
4739,0.354
4740,0.734
4741,0.911
4742,0.049
4743,0.718
4744,0.765
4745,0.33
4746,0.592
4747,0.879
4748,0.476
4749,0.502
4750,0.03
4751,0.85
4752,0.185
4753,0.425
4754,0.613
4755,0.454
4756,0.441
4757,0.494
4758,0.183
4759,0.131
4760,0.868
4761,0.076
4762,0.228
4763,0.189
4764,0.093
4765,0.414
4766,0.505
4767,0.233
4768,0.85
4769,0.515
4770,0.873
4771,0.005
4772,0.057
4773,0.764
4774,0.604
4775,0.096
4776,0.071
4777,0.387
4778,0.174
4779,0.963
4780,0.777
4781,0.682
4782,0.731
4783,0.437
4784,0.805
4785,0.708
4786,0.264
4787,0.014
4788,0.831
4789,0.814
4790,0.75
4791,0.661
4792,0.368
4793,0.288
4794,0.439
4795,0.766
4796,0.567
4797,0.554
4798,0.76
4799,0.036
4800,0.422
4801,0.325
4802,0.367
4803,0.33
4804,0.855
4805,0.742
4806,0.58
4807,0.683
4808,0.194
4809,0.356
4810,0.034
4811,0.458
4812,0.266
4813,0.439
4814,0.183
4815,0.355
4816,0.78
4817,0.131
4818,0.816
4819,0.528
4820,0.299
4821,0.681
4822,0.307
4823,0.779
4824,0.887
4825,0.193
4826,0.413
4827,0.081
4828,0.619
4829,0.075
4830,0.252
4831,0.999
4832,0.194
4833,0.283
4834,0.306
4835,0.756
4836,0.778
4837,0.861
4838,0.578
4839,0.246
4840,0.711
4841,0.348
4842,0.614
4843,0.76
4844,0.08
4845,0.047
4846,0.599
4847,0.792
4848,0.429
4849,0.332
4850,0.458
4851,0.949
4852,0.122
4853,0.447
4854,0.43
4855,0.621
4856,0.483
4857,0.993
4858,0.448
4859,0.638
4860,0.849
4861,0.222
4862,0.311
4863,0.684
4864,0.629
4865,0.322
4866,0.111
4867,0.786
4868,0.091
4869,0.488
4870,0.902
4871,0.867
4872,0.231
4873,0.986
4874,0.624
4875,0.271
4876,0.616
4877,0.261
4878,0.142
4879,0.367
4880,0.853
4881,0.396
4882,0.439
4883,0.155
4884,0.217
4885,0.027
4886,0.172
4887,0.565
4888,0.205
4889,0.114
4890,0.029
4891,0.096
4892,0.127
4893,0.842
4894,0.242
4895,0.492
4896,0.744
4897,0.06
4898,0.344
4899,0.017
4900,0.533
4901,0.928
4902,0.43
4903,0.203
4904,0.762
4905,0.12
4906,0.889
4907,0.207
4908,0.152
4909,0.489
4910,0.147
4911,0.192
4912,0.777
4913,0.565
4914,0.072
4915,0.661
4916,0.249
4917,0.341
4918,0.785
4919,0.804
4920,0.5
4921,0.623
4922,0.198
4923,0.184
4924,0.621
4925,0.697
4926,0.333
4927,0.747
4928,0.598
4929,0.779
4930,0.875
4931,0.477
4932,0.051
4933,0.372
4934,0.462
4935,0.972
4936,0.614
4937,0.35
4938,0.528
4939,0.743
4940,0.144
4941,0.056
4942,0.411
4943,0.736
4944,0.426
4945,0.275
4946,0.714
4947,0.268
4948,0.762
4949,0.016
4950,0.912
4951,0.226
4952,0.758
4953,0.591
4954,0.93
4955,0.663
4956,0.901
4957,0.75
4958,0.561
4959,0.298
4960,0.211
4961,0.127
4962,0.71
4963,0.021
4964,0.328
4965,0.124
4966,0.819
4967,0.611
4968,0.414
4969,0.359
4970,0.547
4971,0.158
4972,0.16
4973,0.291
4974,0.18
4975,0.131
4976,0.952
4977,0.427
4978,0.084
4979,0.292
4980,0.606
4981,0.578
4982,0.112
4983,0.263
4984,0.568
4985,0.041
4986,0.041
4987,0.152
4988,0.967
4989,0.491
4990,0.425
4991,0.557
4992,0.939
4993,0.647
4994,0.975
4995,0.733
4996,0.064
4997,0.483
4998,0.475
4999,0.02
5000,0.818
